,Unnamed: 0,residenceCountry,period,migrant_count,female_migrant_count,male_migrant_count,all_period,female_period,male_period,gender_ratio_migrant,gender_ratio_all,iso2
0,0,Afghanistan,1.0,1,0.0,1.0,2,0.0,2.0,0.0,0.0,AF
1,1,Afghanistan,2.0,1,0.0,1.0,3,0.0,3.0,0.0,0.0,AF
2,2,Afghanistan,3.0,5,2.0,3.0,29,8.0,19.0,0.6666666666666666,0.4210526315789473,AF
3,3,Afghanistan,4.0,9,1.0,8.0,49,12.0,33.0,0.125,0.3636363636363636,AF
4,4,Albania,1.0,5,1.0,4.0,12,5.0,7.0,0.25,0.7142857142857143,AL
5,5,Albania,2.0,1,0.0,1.0,16,5.0,9.0,0.0,0.5555555555555556,AL
6,6,Albania,3.0,6,0.0,6.0,44,15.0,26.0,0.0,0.5769230769230769,AL
7,7,Albania,4.0,20,3.0,17.0,71,25.0,43.0,0.1764705882352941,0.5813953488372093,AL
8,8,Algeria,1.0,37,6.0,31.0,548,110.0,396.0,0.1935483870967742,0.2777777777777778,DZ
9,9,Algeria,2.0,78,16.0,62.0,1268,275.0,875.0,0.2580645161290322,0.3142857142857143,DZ
10,10,Algeria,3.0,142,21.0,120.0,2188,525.0,1403.0,0.175,0.3741981468282252,DZ
11,11,Algeria,4.0,232,57.0,174.0,2850,680.0,1838.0,0.3275862068965517,0.3699673558215451,DZ
12,12,Angola,1.0,2,0.0,2.0,9,5.0,4.0,0.0,1.25,AO
13,13,Angola,2.0,1,1.0,0.0,9,4.0,5.0,0.0,0.8,AO
14,14,Angola,3.0,5,1.0,4.0,41,18.0,22.0,0.25,0.8181818181818182,AO
15,15,Angola,4.0,8,0.0,8.0,52,18.0,31.0,0.0,0.5806451612903226,AO
16,16,Antigua and Barbuda,2.0,3,0.0,3.0,5,1.0,4.0,0.0,0.25,AG
17,17,Antigua and Barbuda,3.0,1,0.0,0.0,11,3.0,6.0,0.0,0.5,AG
18,18,Antigua and Barbuda,4.0,5,1.0,3.0,13,3.0,8.0,0.3333333333333333,0.375,AG
19,19,Argentina,1.0,1208,435.0,768.0,11265,5206.0,5872.0,0.56640625,0.8865803814713896,AR
20,20,Argentina,2.0,1273,521.0,750.0,14687,7029.0,7387.0,0.6946666666666667,0.9515364830106944,AR
21,21,Argentina,3.0,1595,643.0,950.0,18407,9083.0,8943.0,0.6768421052631579,1.0156547020015654,AR
22,22,Argentina,4.0,1793,835.0,951.0,18584,9293.0,8913.0,0.8780231335436383,1.0426343543139234,AR
23,23,Armenia,1.0,69,4.0,64.0,408,93.0,298.0,0.0625,0.3120805369127516,AM
24,24,Armenia,2.0,75,10.0,64.0,554,140.0,385.0,0.15625,0.3636363636363636,AM
25,25,Armenia,3.0,100,22.0,73.0,723,212.0,467.0,0.3013698630136986,0.4539614561027837,AM
26,26,Armenia,4.0,102,30.0,70.0,735,239.0,451.0,0.4285714285714285,0.5299334811529933,AM
27,27,Australia,1.0,5897,1454.0,4338.0,55737,18869.0,35244.0,0.3351775011526048,0.5353819089774146,AU
28,28,Australia,2.0,7772,2297.0,5350.0,75241,28862.0,44193.0,0.4293457943925233,0.6530898558595253,AU
29,29,Australia,3.0,11518,3827.0,7490.0,101865,41634.0,57085.0,0.5109479305740988,0.7293334501182447,AU
30,30,Australia,4.0,13972,4879.0,8784.0,112584,46099.0,62809.0,0.5554417122040073,0.7339553248738239,AU
31,31,Austria,1.0,1656,349.0,1301.0,14543,3717.0,10611.0,0.2682551883166795,0.3502968617472434,AT
32,32,Austria,2.0,1877,450.0,1409.0,18083,5247.0,12542.0,0.319375443577005,0.4183543294530378,AT
33,33,Austria,3.0,2629,742.0,1858.0,21399,6878.0,14157.0,0.3993541442411195,0.485837394928304,AT
34,34,Austria,4.0,3155,994.0,2131.0,21330,7038.0,13957.0,0.4664476771468794,0.5042630937880633,AT
35,35,Azerbaijan,1.0,10,0.0,10.0,172,31.0,118.0,0.0,0.2627118644067797,AZ
36,36,Azerbaijan,2.0,16,2.0,14.0,283,65.0,182.0,0.1428571428571428,0.3571428571428571,AZ
37,37,Azerbaijan,3.0,24,4.0,19.0,455,112.0,278.0,0.2105263157894736,0.4028776978417266,AZ
38,38,Azerbaijan,4.0,41,5.0,34.0,550,129.0,342.0,0.1470588235294117,0.3771929824561403,AZ
39,39,Bahamas,1.0,1,1.0,0.0,7,2.0,5.0,0.0,0.4,BS
40,40,Bahamas,2.0,6,2.0,4.0,17,5.0,12.0,0.5,0.4166666666666667,BS
41,41,Bahamas,3.0,4,1.0,3.0,22,10.0,12.0,0.3333333333333333,0.8333333333333334,BS
42,42,Bahamas,4.0,13,3.0,10.0,28,11.0,17.0,0.3,0.6470588235294118,BS
43,43,Bahrain,1.0,33,3.0,30.0,216,48.0,161.0,0.1,0.2981366459627329,BH
44,44,Bahrain,2.0,62,13.0,48.0,289,80.0,202.0,0.2708333333333333,0.396039603960396,BH
45,45,Bahrain,3.0,76,22.0,53.0,418,116.0,292.0,0.4150943396226415,0.3972602739726027,BH
46,46,Bahrain,4.0,129,34.0,93.0,576,164.0,401.0,0.3655913978494624,0.4089775561097257,BH
47,47,Bangladesh,1.0,257,45.0,200.0,1578,277.0,1110.0,0.225,0.2495495495495495,BD
48,48,Bangladesh,2.0,363,57.0,287.0,2804,510.0,1944.0,0.1986062717770035,0.2623456790123457,BD
49,49,Bangladesh,3.0,787,132.0,620.0,5541,1045.0,3869.0,0.2129032258064516,0.2700956319462393,BD
50,50,Bangladesh,4.0,1276,225.0,986.0,7248,1396.0,5118.0,0.2281947261663286,0.2727627979679562,BD
51,51,Barbados,2.0,9,5.0,4.0,19,6.0,13.0,1.25,0.4615384615384615,BB
52,52,Barbados,3.0,12,3.0,9.0,49,14.0,35.0,0.3333333333333333,0.4,BB
53,53,Barbados,4.0,17,6.0,11.0,63,22.0,40.0,0.5454545454545454,0.55,BB
54,54,Belarus,1.0,282,45.0,236.0,1938,494.0,1409.0,0.1906779661016949,0.3506032647267565,BY
55,55,Belarus,2.0,276,80.0,194.0,2146,646.0,1457.0,0.4123711340206185,0.4433768016472203,BY
56,56,Belarus,3.0,314,103.0,209.0,2410,782.0,1568.0,0.492822966507177,0.4987244897959184,BY
57,57,Belarus,4.0,419,151.0,265.0,2545,810.0,1661.0,0.569811320754717,0.4876580373269115,BY
58,58,Belgium,1.0,2776,611.0,2129.0,20510,5476.0,14539.0,0.2869891968060122,0.3766421349473829,BE
59,59,Belgium,2.0,2652,689.0,1931.0,25221,7741.0,16894.0,0.356809943034697,0.4582100153900793,BE
60,60,Belgium,3.0,3880,1199.0,2636.0,31262,10613.0,19836.0,0.454855842185129,0.5350373059084493,BE
61,61,Belgium,4.0,4636,1567.0,2997.0,32290,11420.0,20007.0,0.5228561895228562,0.570800219923027,BE
62,62,Belize,1.0,13,4.0,8.0,57,17.0,31.0,0.5,0.5483870967741935,BZ
63,63,Belize,2.0,55,12.0,38.0,248,78.0,145.0,0.3157894736842105,0.5379310344827586,BZ
64,64,Belize,3.0,240,93.0,143.0,1067,435.0,564.0,0.6503496503496503,0.7712765957446809,BZ
65,65,Belize,4.0,343,144.0,188.0,1484,629.0,773.0,0.7659574468085106,0.8137128072445019,BZ
66,66,Benin,1.0,29,2.0,25.0,208,25.0,159.0,0.08,0.1572327044025157,BJ
67,67,Benin,2.0,51,8.0,43.0,319,47.0,234.0,0.1860465116279069,0.2008547008547008,BJ
68,68,Benin,3.0,74,13.0,59.0,497,86.0,332.0,0.2203389830508474,0.2590361445783132,BJ
69,69,Benin,4.0,86,15.0,66.0,597,110.0,397.0,0.2272727272727272,0.2770780856423174,BJ
70,70,Bermuda,1.0,9,1.0,8.0,30,9.0,21.0,0.125,0.4285714285714285,BM
71,71,Bermuda,2.0,9,2.0,7.0,34,13.0,20.0,0.2857142857142857,0.65,BM
72,72,Bermuda,3.0,12,4.0,8.0,36,14.0,22.0,0.5,0.6363636363636364,BM
73,73,Bermuda,4.0,4,3.0,1.0,23,10.0,13.0,3.0,0.7692307692307693,BM
74,74,Bhutan,2.0,1,0.0,1.0,3,0.0,3.0,0.0,0.0,BT
75,75,Bhutan,3.0,7,1.0,6.0,14,2.0,10.0,0.1666666666666666,0.2,BT
76,76,Bhutan,4.0,6,1.0,5.0,24,6.0,13.0,0.2,0.4615384615384615,BT
77,77,Bolivia,1.0,20,5.0,15.0,102,37.0,64.0,0.3333333333333333,0.578125,BO
78,78,Bolivia,2.0,30,6.0,24.0,159,51.0,106.0,0.25,0.4811320754716981,BO
79,79,Bolivia,3.0,43,7.0,36.0,246,83.0,157.0,0.1944444444444444,0.5286624203821656,BO
80,80,Bolivia,4.0,53,6.0,47.0,272,81.0,181.0,0.1276595744680851,0.4475138121546961,BO
81,81,"Bonaire, Saint Eustatius and Saba ",1.0,1,0.0,1.0,2,0.0,2.0,0.0,0.0,unknown
82,82,Bosnia and Herzegovina,1.0,29,11.0,18.0,314,140.0,165.0,0.6111111111111112,0.8484848484848485,BA
83,83,Bosnia and Herzegovina,2.0,130,64.0,66.0,702,338.0,343.0,0.9696969696969696,0.9854227405247812,BA
84,84,Bosnia and Herzegovina,3.0,148,65.0,82.0,962,462.0,466.0,0.7926829268292683,0.9914163090128756,BA
85,85,Bosnia and Herzegovina,4.0,128,51.0,76.0,994,474.0,491.0,0.6710526315789473,0.9653767820773932,BA
86,86,Botswana,1.0,55,8.0,44.0,242,36.0,168.0,0.1818181818181818,0.2142857142857142,BW
87,87,Botswana,2.0,79,15.0,54.0,348,82.0,210.0,0.2777777777777778,0.3904761904761905,BW
88,88,Botswana,3.0,115,32.0,78.0,432,124.0,239.0,0.4102564102564102,0.5188284518828452,BW
89,89,Botswana,4.0,101,32.0,64.0,419,115.0,237.0,0.5,0.4852320675105485,BW
90,90,Brazil,1.0,2430,652.0,1748.0,49296,19575.0,27206.0,0.3729977116704805,0.71951040211718,BR
91,91,Brazil,2.0,2639,882.0,1727.0,94167,41809.0,47657.0,0.5107122177185871,0.8772898000293766,BR
92,92,Brazil,3.0,3560,1229.0,2294.0,155849,74586.0,73599.0,0.5357454228421971,1.0134105082949496,BR
93,93,Brazil,4.0,4924,1785.0,3073.0,170686,81748.0,80705.0,0.5808656036446469,1.0129236106808748,BR
94,94,Brunei,1.0,16,3.0,13.0,67,16.0,44.0,0.2307692307692307,0.3636363636363636,BN
95,95,Brunei,2.0,27,4.0,23.0,81,18.0,60.0,0.1739130434782608,0.3,BN
96,96,Brunei,3.0,52,12.0,37.0,171,46.0,114.0,0.3243243243243243,0.4035087719298245,BN
97,97,Brunei,4.0,109,33.0,72.0,313,108.0,180.0,0.4583333333333333,0.6,BN
98,98,Bulgaria,1.0,352,142.0,205.0,3936,1716.0,2086.0,0.6926829268292682,0.822627037392138,BG
99,99,Bulgaria,2.0,340,159.0,179.0,4546,2142.0,2258.0,0.888268156424581,0.9486271036315324,BG
100,100,Bulgaria,3.0,354,131.0,220.0,4963,2317.0,2478.0,0.5954545454545455,0.9350282485875706,BG
101,101,Bulgaria,4.0,376,135.0,239.0,4766,2202.0,2420.0,0.5648535564853556,0.9099173553719008,BG
102,102,Burkina Faso,1.0,38,6.0,29.0,302,62.0,207.0,0.2068965517241379,0.2995169082125604,BF
103,103,Burkina Faso,2.0,59,10.0,46.0,527,97.0,355.0,0.217391304347826,0.2732394366197183,BF
104,104,Burkina Faso,3.0,79,14.0,60.0,810,163.0,511.0,0.2333333333333333,0.3189823874755381,BF
105,105,Burkina Faso,4.0,100,25.0,70.0,875,186.0,539.0,0.3571428571428571,0.3450834879406308,BF
106,106,Burundi,1.0,83,22.0,56.0,375,118.0,183.0,0.3928571428571428,0.644808743169399,BI
107,107,Burundi,2.0,119,50.0,56.0,486,175.0,204.0,0.8928571428571429,0.8578431372549019,BI
108,108,Burundi,3.0,188,81.0,89.0,659,252.0,289.0,0.9101123595505618,0.8719723183391004,BI
109,109,Burundi,4.0,217,74.0,127.0,641,227.0,315.0,0.5826771653543307,0.7206349206349206,BI
110,110,Cabo Verde,2.0,1,0.0,1.0,2,1.0,1.0,0.0,1.0,CV
111,111,Cabo Verde,3.0,1,0.0,1.0,15,5.0,10.0,0.0,0.5,CV
112,112,Cabo Verde,4.0,9,5.0,4.0,31,13.0,18.0,1.25,0.7222222222222222,CV
113,113,Cambodia,1.0,12,2.0,10.0,57,19.0,32.0,0.2,0.59375,KH
114,114,Cambodia,2.0,31,6.0,23.0,140,37.0,85.0,0.2608695652173913,0.4352941176470588,KH
115,115,Cambodia,3.0,49,11.0,37.0,246,80.0,128.0,0.2972972972972973,0.625,KH
116,116,Cambodia,4.0,78,25.0,48.0,331,119.0,166.0,0.5208333333333334,0.7168674698795181,KH
117,117,Cameroon,1.0,75,14.0,57.0,594,97.0,438.0,0.2456140350877192,0.2214611872146118,CM
118,118,Cameroon,2.0,114,21.0,88.0,976,206.0,666.0,0.2386363636363636,0.3093093093093093,CM
119,119,Cameroon,3.0,140,22.0,113.0,1455,329.0,911.0,0.1946902654867256,0.3611416026344676,CM
120,120,Cameroon,4.0,174,35.0,139.0,1570,367.0,987.0,0.2517985611510791,0.3718338399189463,CM
121,121,Canada,1.0,9383,2345.0,6815.0,83639,27207.0,52802.0,0.3440939104915627,0.515264573311617,CA
122,122,Canada,2.0,12119,3428.0,8440.0,110074,40135.0,65409.0,0.4061611374407582,0.6136005748444404,CA
123,123,Canada,3.0,14745,4621.0,9833.0,140190,54843.0,79803.0,0.4699481338350452,0.6872298033908499,CA
124,124,Canada,4.0,15898,5437.0,10111.0,140869,56325.0,78997.0,0.5377311838591633,0.7130017595604896,CA
125,125,Cayman Islands,2.0,3,1.0,1.0,6,3.0,2.0,1.0,1.5,KY
126,126,Cayman Islands,3.0,5,1.0,4.0,12,3.0,8.0,0.25,0.375,KY
127,127,Cayman Islands,4.0,2,0.0,2.0,4,0.0,4.0,0.0,0.0,KY
128,128,Central African Republic,1.0,8,0.0,8.0,25,5.0,20.0,0.0,0.25,CF
129,129,Central African Republic,2.0,7,2.0,5.0,31,9.0,22.0,0.4,0.4090909090909091,CF
130,130,Central African Republic,3.0,15,2.0,13.0,51,15.0,35.0,0.1538461538461538,0.4285714285714285,CF
131,131,Central African Republic,4.0,13,1.0,12.0,50,8.0,41.0,0.0833333333333333,0.1951219512195122,CF
132,132,Chad,1.0,3,0.0,3.0,7,1.0,5.0,0.0,0.2,TD
133,133,Chad,2.0,4,2.0,2.0,14,4.0,8.0,1.0,0.5,TD
134,134,Chad,3.0,3,0.0,3.0,20,2.0,13.0,0.0,0.1538461538461538,TD
135,135,Chad,4.0,3,1.0,1.0,20,3.0,10.0,1.0,0.3,TD
136,136,Chile,1.0,427,101.0,325.0,5118,1719.0,3253.0,0.3107692307692307,0.528435290501076,CL
137,137,Chile,2.0,617,164.0,450.0,8586,2974.0,5385.0,0.3644444444444444,0.5522748375116063,CL
138,138,Chile,3.0,983,280.0,698.0,12181,4356.0,7504.0,0.4011461318051575,0.5804904051172708,CL
139,139,Chile,4.0,1542,479.0,1058.0,13226,4698.0,8258.0,0.4527410207939508,0.568902882053766,CL
140,140,China,1.0,5586,1223.0,3863.0,223428,39839.0,110371.0,0.3165933212529122,0.3609553234092288,CN
141,141,China,2.0,9384,2230.0,6379.0,540444,101985.0,264690.0,0.3495845743846998,0.3852997846537458,CN
142,142,China,3.0,16455,4315.0,10974.0,997094,210240.0,510600.0,0.393202114087844,0.4117508813160987,CN
143,143,China,4.0,26854,6969.0,18107.0,1338239,310940.0,715898.0,0.3848787761639145,0.4343356176438543,CN
144,144,Colombia,1.0,385,91.0,291.0,2965,964.0,1929.0,0.3127147766323024,0.4997407983411094,CO
145,145,Colombia,2.0,600,197.0,401.0,6515,2331.0,4004.0,0.4912718204488778,0.5821678321678322,CO
146,146,Colombia,3.0,957,335.0,615.0,11778,4407.0,7024.0,0.5447154471544715,0.6274202733485194,CO
147,147,Colombia,4.0,1459,480.0,969.0,14531,5252.0,8881.0,0.4953560371517028,0.5913748451750929,CO
148,148,Costa Rica,1.0,56,14.0,41.0,559,199.0,346.0,0.3414634146341463,0.5751445086705202,CR
149,149,Costa Rica,2.0,81,20.0,61.0,784,275.0,495.0,0.3278688524590163,0.5555555555555556,CR
150,150,Costa Rica,3.0,102,28.0,74.0,953,337.0,585.0,0.3783783783783784,0.576068376068376,CR
151,151,Costa Rica,4.0,129,35.0,93.0,890,304.0,556.0,0.3763440860215054,0.5467625899280576,CR
152,152,Croatia,1.0,359,124.0,233.0,3584,1537.0,1957.0,0.5321888412017167,0.7853857945835463,HR
153,153,Croatia,2.0,484,193.0,290.0,4980,2274.0,2574.0,0.6655172413793103,0.8834498834498834,HR
154,154,Croatia,3.0,591,262.0,323.0,6275,3019.0,3087.0,0.8111455108359134,0.9779721412374474,HR
155,155,Croatia,4.0,761,359.0,399.0,6012,2957.0,2921.0,0.899749373433584,1.0123245463882231,HR
156,156,Cuba,1.0,189,43.0,145.0,2070,805.0,1197.0,0.296551724137931,0.672514619883041,CU
157,157,Cuba,2.0,201,60.0,139.0,2914,1218.0,1576.0,0.4316546762589928,0.7728426395939086,CU
158,158,Cuba,3.0,237,81.0,152.0,3629,1538.0,1895.0,0.5328947368421053,0.8116094986807388,CU
159,159,Cuba,4.0,255,92.0,162.0,3135,1343.0,1628.0,0.5679012345679012,0.8249385749385749,CU
160,160,Curacao,1.0,4,0.0,4.0,23,1.0,22.0,0.0,0.0454545454545454,unknown
161,161,Curacao,2.0,4,0.0,4.0,25,3.0,22.0,0.0,0.1363636363636363,unknown
162,162,Curacao,3.0,3,0.0,3.0,18,5.0,13.0,0.0,0.3846153846153846,unknown
163,163,Curacao,4.0,3,2.0,1.0,15,5.0,9.0,2.0,0.5555555555555556,unknown
164,164,Cyprus,1.0,98,26.0,72.0,342,85.0,248.0,0.3611111111111111,0.3427419354838709,CY
165,165,Cyprus,2.0,179,41.0,136.0,689,193.0,473.0,0.3014705882352941,0.4080338266384778,CY
166,166,Cyprus,3.0,330,96.0,229.0,1220,377.0,796.0,0.4192139737991266,0.4736180904522613,CY
167,167,Cyprus,4.0,482,161.0,311.0,1656,539.0,1051.0,0.5176848874598071,0.5128449096098954,CY
168,168,Czechia,1.0,760,174.0,580.0,12199,3790.0,8149.0,0.3,0.4650877408270953,CZ
169,169,Czechia,2.0,863,231.0,626.0,17305,6012.0,10915.0,0.3690095846645367,0.5508016491067339,CZ
170,170,Czechia,3.0,1118,305.0,805.0,22589,8307.0,13755.0,0.3788819875776397,0.6039258451472191,CZ
171,171,Czechia,4.0,1695,486.0,1192.0,23699,8661.0,14528.0,0.4077181208053691,0.596159140969163,CZ
172,172,Democratic Republic of the Congo,1.0,9,3.0,5.0,47,7.0,30.0,0.6,0.2333333333333333,CD
173,173,Democratic Republic of the Congo,2.0,14,5.0,7.0,102,26.0,58.0,0.7142857142857143,0.4482758620689655,CD
174,174,Democratic Republic of the Congo,3.0,36,5.0,29.0,226,48.0,139.0,0.1724137931034483,0.3453237410071942,CD
175,175,Democratic Republic of the Congo,4.0,50,11.0,39.0,290,59.0,186.0,0.282051282051282,0.3172043010752688,CD
176,176,Denmark,1.0,1677,386.0,1270.0,15051,4444.0,10229.0,0.3039370078740157,0.4344510704858735,DK
177,177,Denmark,2.0,1787,438.0,1334.0,18403,6155.0,11827.0,0.328335832083958,0.5204193793861503,DK
178,178,Denmark,3.0,2591,760.0,1795.0,24268,9036.0,14655.0,0.4233983286908078,0.6165813715455476,DK
179,179,Denmark,4.0,3474,1163.0,2256.0,26771,10353.0,15778.0,0.5155141843971631,0.6561668145519077,DK
180,180,Djibouti,3.0,2,0.0,2.0,10,2.0,8.0,0.0,0.25,DJ
181,181,Djibouti,4.0,1,1.0,0.0,14,3.0,10.0,0.0,0.3,DJ
182,182,Dominican Republic,1.0,5,1.0,4.0,18,4.0,14.0,0.25,0.2857142857142857,DO
183,183,Dominican Republic,2.0,3,1.0,2.0,26,11.0,15.0,0.5,0.7333333333333333,DO
184,184,Dominican Republic,3.0,9,3.0,6.0,59,26.0,32.0,0.5,0.8125,DO
185,185,Dominican Republic,4.0,23,8.0,14.0,98,39.0,56.0,0.5714285714285714,0.6964285714285714,DO
186,186,Ecuador,1.0,97,36.0,59.0,463,147.0,306.0,0.6101694915254238,0.4803921568627451,EC
187,187,Ecuador,2.0,126,42.0,83.0,673,222.0,435.0,0.5060240963855421,0.5103448275862069,EC
188,188,Ecuador,3.0,232,72.0,160.0,1068,389.0,655.0,0.45,0.5938931297709924,EC
189,189,Ecuador,4.0,691,230.0,454.0,2475,859.0,1560.0,0.5066079295154186,0.5506410256410257,EC
190,190,Egypt,1.0,725,89.0,628.0,7812,2169.0,5265.0,0.1417197452229299,0.4119658119658119,EG
191,191,Egypt,2.0,963,170.0,780.0,12100,3731.0,7851.0,0.2179487179487179,0.4752260858489364,EG
192,192,Egypt,3.0,1697,347.0,1326.0,21292,7548.0,12899.0,0.2616892911010558,0.5851616404372432,EG
193,193,Egypt,4.0,2200,498.0,1673.0,25825,9445.0,15436.0,0.2976688583383144,0.6118813164032133,EG
194,194,El Salvador,1.0,57,14.0,43.0,178,54.0,121.0,0.3255813953488372,0.4462809917355372,SV
195,195,El Salvador,2.0,41,8.0,33.0,183,54.0,128.0,0.2424242424242424,0.421875,SV
196,196,El Salvador,3.0,29,9.0,20.0,166,60.0,105.0,0.45,0.5714285714285714,SV
197,197,El Salvador,4.0,31,13.0,18.0,157,53.0,102.0,0.7222222222222222,0.5196078431372549,SV
198,198,Eritrea,1.0,4,0.0,3.0,18,3.0,11.0,0.0,0.2727272727272727,ER
199,199,Eritrea,2.0,5,0.0,4.0,24,3.0,16.0,0.0,0.1875,ER
200,200,Eritrea,3.0,3,1.0,2.0,18,4.0,11.0,0.5,0.3636363636363636,ER
201,201,Eritrea,4.0,1,0.0,1.0,4,1.0,3.0,0.0,0.3333333333333333,ER
202,202,Estonia,1.0,100,25.0,75.0,1159,446.0,670.0,0.3333333333333333,0.6656716417910448,EE
203,203,Estonia,2.0,139,43.0,94.0,1692,716.0,908.0,0.4574468085106383,0.788546255506608,EE
204,204,Estonia,3.0,189,54.0,133.0,2209,942.0,1184.0,0.4060150375939849,0.7956081081081081,EE
205,205,Estonia,4.0,224,61.0,160.0,2318,963.0,1268.0,0.38125,0.7594637223974764,EE
206,206,Eswatini,1.0,8,1.0,6.0,44,12.0,22.0,0.1666666666666666,0.5454545454545454,SZ
207,207,Eswatini,2.0,9,3.0,5.0,44,14.0,26.0,0.6,0.5384615384615384,SZ
208,208,Eswatini,3.0,15,2.0,13.0,54,16.0,30.0,0.1538461538461538,0.5333333333333333,SZ
209,209,Eswatini,4.0,15,2.0,13.0,53,12.0,29.0,0.1538461538461538,0.4137931034482758,SZ
210,210,Ethiopia,1.0,61,15.0,43.0,487,90.0,278.0,0.3488372093023256,0.3237410071942446,ET
211,211,Ethiopia,2.0,119,20.0,85.0,797,145.0,486.0,0.2352941176470588,0.2983539094650205,ET
212,212,Ethiopia,3.0,161,29.0,121.0,1424,259.0,857.0,0.2396694214876033,0.3022170361726954,ET
213,213,Ethiopia,4.0,268,48.0,207.0,2237,420.0,1314.0,0.2318840579710145,0.319634703196347,ET
214,214,Faroe Islands,2.0,1,0.0,1.0,5,0.0,4.0,0.0,0.0,FO
215,215,Faroe Islands,3.0,1,0.0,1.0,10,2.0,7.0,0.0,0.2857142857142857,FO
216,216,Faroe Islands,4.0,11,4.0,7.0,25,7.0,16.0,0.5714285714285714,0.4375,FO
217,217,Fiji,1.0,1,0.0,1.0,2,0.0,2.0,0.0,0.0,FJ
218,218,Fiji,2.0,2,1.0,1.0,10,5.0,3.0,1.0,1.6666666666666667,FJ
219,219,Fiji,3.0,14,4.0,10.0,48,16.0,26.0,0.4,0.6153846153846154,FJ
220,220,Fiji,4.0,29,4.0,22.0,89,25.0,51.0,0.1818181818181818,0.4901960784313725,FJ
221,221,Finland,1.0,1228,346.0,867.0,15826,6005.0,9291.0,0.3990772779700115,0.6463243999569476,FI
222,222,Finland,2.0,1246,407.0,821.0,19003,7804.0,10566.0,0.4957369062119366,0.7385954949839106,FI
223,223,Finland,3.0,1620,546.0,1032.0,21736,9307.0,11643.0,0.5290697674418605,0.7993644249763806,FI
224,224,Finland,4.0,2037,740.0,1265.0,21122,8987.0,11366.0,0.5849802371541502,0.7906915361604786,FI
225,225,France,1.0,8740,2312.0,6334.0,88398,28321.0,57602.0,0.3650142090306283,0.4916669560084719,FR
226,226,France,2.0,10300,3110.0,7076.0,108567,37535.0,67760.0,0.4395138496325608,0.5539403778040142,FR
227,227,France,3.0,13432,4389.0,8857.0,131772,48665.0,78627.0,0.495540250649204,0.6189349714474671,FR
228,228,France,4.0,15502,5351.0,9914.0,135129,51259.0,79090.0,0.5397417793019972,0.6481097483879125,FR
229,229,French Guiana,1.0,13,6.0,7.0,32,9.0,23.0,0.8571428571428571,0.391304347826087,GF
230,230,French Guiana,2.0,18,6.0,12.0,76,30.0,45.0,0.5,0.6666666666666666,GF
231,231,French Guiana,3.0,40,18.0,22.0,127,59.0,66.0,0.8181818181818182,0.8939393939393939,GF
232,232,French Guiana,4.0,38,15.0,23.0,141,66.0,71.0,0.6521739130434783,0.9295774647887324,GF
233,233,French Polynesia,1.0,9,4.0,5.0,39,15.0,24.0,0.8,0.625,PF
234,234,French Polynesia,2.0,16,9.0,7.0,51,21.0,29.0,1.2857142857142858,0.7241379310344828,PF
235,235,French Polynesia,3.0,22,4.0,18.0,65,19.0,44.0,0.2222222222222222,0.4318181818181818,PF
236,236,French Polynesia,4.0,23,12.0,10.0,63,24.0,37.0,1.2,0.6486486486486487,PF
237,237,Gabon,1.0,30,12.0,18.0,147,52.0,92.0,0.6666666666666666,0.5652173913043478,GA
238,238,Gabon,2.0,39,9.0,29.0,191,62.0,120.0,0.3103448275862069,0.5166666666666667,GA
239,239,Gabon,3.0,48,17.0,31.0,247,86.0,148.0,0.5483870967741935,0.581081081081081,GA
240,240,Gabon,4.0,61,21.0,40.0,231,81.0,140.0,0.525,0.5785714285714286,GA
241,241,Gambia,1.0,13,3.0,10.0,47,9.0,36.0,0.3,0.25,GM
242,242,Gambia,2.0,16,3.0,13.0,57,13.0,42.0,0.2307692307692307,0.3095238095238095,GM
243,243,Gambia,3.0,13,5.0,8.0,48,17.0,29.0,0.625,0.5862068965517241,GM
244,244,Gambia,4.0,14,3.0,11.0,33,8.0,24.0,0.2727272727272727,0.3333333333333333,GM
245,245,Georgia,1.0,67,8.0,59.0,493,142.0,334.0,0.135593220338983,0.4251497005988024,GE
246,246,Georgia,2.0,68,20.0,48.0,680,229.0,425.0,0.4166666666666667,0.5388235294117647,GE
247,247,Georgia,3.0,130,35.0,93.0,872,314.0,527.0,0.3763440860215054,0.5958254269449715,GE
248,248,Georgia,4.0,165,66.0,99.0,1010,389.0,592.0,0.6666666666666666,0.6570945945945946,GE
249,249,Germany,1.0,12516,2645.0,9721.0,125228,30047.0,92247.0,0.2720913486266845,0.3257233297559812,DE
250,250,Germany,2.0,13789,3348.0,10235.0,159089,44931.0,110577.0,0.3271128480703468,0.4063322390732249,DE
251,251,Germany,3.0,17989,5050.0,12620.0,191517,62238.0,124929.0,0.4001584786053883,0.4981869701990731,DE
252,252,Germany,4.0,20443,6290.0,13764.0,183449,61149.0,117998.0,0.4569892473118279,0.5182206478075899,DE
253,253,Ghana,1.0,89,14.0,74.0,455,79.0,355.0,0.1891891891891892,0.2225352112676056,GH
254,254,Ghana,2.0,148,25.0,122.0,838,149.0,646.0,0.2049180327868852,0.2306501547987616,GH
255,255,Ghana,3.0,291,58.0,229.0,1733,355.0,1293.0,0.2532751091703056,0.2745552977571539,GH
256,256,Ghana,4.0,493,101.0,382.0,2541,586.0,1834.0,0.2643979057591623,0.3195201744820065,GH
257,257,Gibraltar,1.0,2,0.0,2.0,3,1.0,2.0,0.0,0.5,GI
258,258,Gibraltar,2.0,3,0.0,3.0,12,1.0,11.0,0.0,0.0909090909090909,GI
259,259,Gibraltar,3.0,3,0.0,3.0,24,4.0,20.0,0.0,0.2,GI
260,260,Gibraltar,4.0,4,1.0,3.0,23,6.0,17.0,0.3333333333333333,0.3529411764705882,GI
261,261,Greece,1.0,1182,266.0,907.0,13925,3887.0,9604.0,0.2932745314222712,0.4047271970012495,GR
262,262,Greece,2.0,1490,404.0,1072.0,21043,6541.0,13835.0,0.376865671641791,0.4727864112757499,GR
263,263,Greece,3.0,1651,491.0,1152.0,25352,8443.0,16010.0,0.4262152777777778,0.5273579013116803,GR
264,264,Greece,4.0,1628,501.0,1115.0,23320,8010.0,14435.0,0.4493273542600897,0.5549012816072048,GR
265,265,Greenland,1.0,4,1.0,3.0,21,7.0,14.0,0.3333333333333333,0.5,GL
266,266,Greenland,2.0,5,1.0,4.0,31,10.0,21.0,0.25,0.4761904761904761,GL
267,267,Greenland,3.0,7,2.0,5.0,32,10.0,21.0,0.4,0.4761904761904761,GL
268,268,Greenland,4.0,10,5.0,5.0,40,18.0,21.0,1.0,0.8571428571428571,GL
269,269,Grenada,1.0,4,2.0,2.0,14,6.0,8.0,1.0,0.75,GD
270,270,Grenada,2.0,5,3.0,2.0,23,11.0,12.0,1.5,0.9166666666666666,GD
271,271,Grenada,3.0,23,11.0,12.0,68,25.0,42.0,0.9166666666666666,0.5952380952380952,GD
272,272,Grenada,4.0,41,15.0,26.0,116,40.0,73.0,0.5769230769230769,0.547945205479452,GD
273,273,Guadeloupe,1.0,20,7.0,13.0,77,25.0,52.0,0.5384615384615384,0.4807692307692308,GP
274,274,Guadeloupe,2.0,23,9.0,14.0,79,24.0,51.0,0.6428571428571429,0.4705882352941176,GP
275,275,Guadeloupe,3.0,26,16.0,10.0,108,41.0,59.0,1.6,0.6949152542372882,GP
276,276,Guadeloupe,4.0,47,22.0,24.0,137,61.0,68.0,0.9166666666666666,0.8970588235294118,GP
277,277,Guatemala,1.0,13,5.0,8.0,78,25.0,50.0,0.625,0.5,GT
278,278,Guatemala,2.0,30,8.0,21.0,151,54.0,92.0,0.3809523809523809,0.5869565217391305,GT
279,279,Guatemala,3.0,31,12.0,18.0,246,107.0,133.0,0.6666666666666666,0.8045112781954887,GT
280,280,Guatemala,4.0,35,14.0,21.0,266,110.0,152.0,0.6666666666666666,0.7236842105263158,GT
281,281,Guinea,1.0,2,1.0,1.0,12,6.0,4.0,1.0,1.5,GN
282,282,Guinea,2.0,8,2.0,6.0,14,4.0,10.0,0.3333333333333333,0.4,GN
283,283,Guinea,3.0,10,2.0,8.0,47,6.0,36.0,0.25,0.1666666666666666,GN
284,284,Guinea,4.0,28,4.0,21.0,94,14.0,67.0,0.1904761904761904,0.208955223880597,GN
285,285,Guinea-Bissau,1.0,10,4.0,6.0,19,5.0,11.0,0.6666666666666666,0.4545454545454545,GW
286,286,Guinea-Bissau,2.0,19,8.0,10.0,46,17.0,25.0,0.8,0.68,GW
287,287,Guinea-Bissau,3.0,20,7.0,13.0,62,29.0,31.0,0.5384615384615384,0.935483870967742,GW
288,288,Guinea-Bissau,4.0,13,7.0,6.0,41,19.0,20.0,1.1666666666666667,0.95,GW
289,289,Guyana,1.0,1,0.0,1.0,15,4.0,10.0,0.0,0.4,GY
290,290,Guyana,2.0,3,0.0,3.0,13,3.0,10.0,0.0,0.3,GY
291,291,Guyana,3.0,5,0.0,5.0,27,6.0,21.0,0.0,0.2857142857142857,GY
292,292,Guyana,4.0,4,2.0,2.0,25,10.0,15.0,1.0,0.6666666666666666,GY
293,293,Haiti,1.0,1,0.0,1.0,4,0.0,4.0,0.0,0.0,HT
294,294,Haiti,2.0,6,0.0,6.0,20,5.0,14.0,0.0,0.3571428571428571,HT
295,295,Haiti,3.0,10,4.0,6.0,37,10.0,26.0,0.6666666666666666,0.3846153846153846,HT
296,296,Haiti,4.0,12,3.0,9.0,51,8.0,39.0,0.3333333333333333,0.2051282051282051,HT
297,297,Honduras,1.0,5,1.0,4.0,30,7.0,23.0,0.25,0.3043478260869565,HN
298,298,Honduras,2.0,17,6.0,11.0,46,15.0,30.0,0.5454545454545454,0.5,HN
299,299,Honduras,3.0,10,3.0,7.0,72,24.0,45.0,0.4285714285714285,0.5333333333333333,HN
300,300,Honduras,4.0,17,4.0,13.0,91,29.0,61.0,0.3076923076923077,0.4754098360655737,HN
301,301,Hungary,1.0,822,179.0,637.0,10045,3261.0,6132.0,0.2810047095761381,0.5318003913894325,HU
302,302,Hungary,2.0,801,195.0,598.0,12634,4288.0,7395.0,0.3260869565217391,0.5798512508451656,HU
303,303,Hungary,3.0,885,242.0,635.0,14513,5202.0,8266.0,0.3811023622047244,0.6293249455601259,HU
304,304,Hungary,4.0,999,286.0,708.0,14457,5244.0,8261.0,0.403954802259887,0.6347899770003631,HU
305,305,Iceland,1.0,123,29.0,88.0,756,216.0,466.0,0.3295454545454545,0.463519313304721,IS
306,306,Iceland,2.0,139,31.0,100.0,981,292.0,599.0,0.31,0.4874791318864774,IS
307,307,Iceland,3.0,213,55.0,150.0,1405,433.0,845.0,0.3666666666666666,0.5124260355029586,IS
308,308,Iceland,4.0,252,82.0,165.0,1566,517.0,915.0,0.4969696969696969,0.5650273224043716,IS
309,309,India,1.0,2110,456.0,1503.0,48471,12956.0,27722.0,0.3033932135728543,0.4673544477310439,IN
310,310,India,2.0,3246,726.0,2269.0,79090,21594.0,44752.0,0.3199647421771706,0.4825259206292456,IN
311,311,India,3.0,5757,1326.0,4062.0,136751,39179.0,76162.0,0.3264401772525849,0.5144166382185342,IN
312,312,India,4.0,8116,2001.0,5639.0,170819,50322.0,94329.0,0.3548501507359461,0.5334732690900995,IN
313,313,Indonesia,1.0,325,64.0,249.0,2248,435.0,1478.0,0.2570281124497992,0.2943166441136671,ID
314,314,Indonesia,2.0,485,111.0,354.0,3295,814.0,1975.0,0.3135593220338983,0.4121518987341772,ID
315,315,Indonesia,3.0,1010,238.0,727.0,6994,1945.0,3914.0,0.327372764786795,0.496934082779765,ID
316,316,Indonesia,4.0,1577,446.0,1063.0,16253,5154.0,8245.0,0.4195672624647225,0.6251061249241965,ID
317,317,Iran,1.0,627,82.0,529.0,7457,1355.0,5524.0,0.1550094517958412,0.2452932657494569,IR
318,318,Iran,2.0,1296,195.0,1087.0,25817,6097.0,17853.0,0.1793928242870285,0.3415112306055005,IR
319,319,Iran,3.0,2551,627.0,1887.0,54456,15898.0,34933.0,0.3322734499205087,0.455099762402313,IR
320,320,Iran,4.0,3757,1133.0,2574.0,65637,21033.0,40739.0,0.4401709401709401,0.5162866049731216,IR
321,321,Iraq,1.0,10,0.0,10.0,229,43.0,166.0,0.0,0.2590361445783132,IQ
322,322,Iraq,2.0,26,3.0,23.0,480,96.0,342.0,0.1304347826086956,0.2807017543859649,IQ
323,323,Iraq,3.0,90,14.0,74.0,1275,314.0,877.0,0.1891891891891892,0.3580387685290764,IQ
324,324,Iraq,4.0,371,80.0,284.0,3130,922.0,2010.0,0.2816901408450704,0.4587064676616915,IQ
325,325,Ireland,1.0,1151,306.0,832.0,7688,2484.0,5030.0,0.3677884615384615,0.4938369781312127,IE
326,326,Ireland,2.0,1789,519.0,1255.0,12266,4444.0,7560.0,0.4135458167330677,0.5878306878306878,IE
327,327,Ireland,3.0,2355,773.0,1559.0,17577,6971.0,10241.0,0.495830660679923,0.6806952446050191,IE
328,328,Ireland,4.0,2488,932.0,1518.0,18243,7545.0,10305.0,0.613965744400527,0.7321688500727802,IE
329,329,Isle of Man,3.0,1,0.0,1.0,1,0.0,1.0,0.0,0.0,IM
330,330,Isle of Man,4.0,2,1.0,1.0,2,1.0,1.0,1.0,1.0,IM
331,331,Israel,1.0,2149,502.0,1622.0,21200,6806.0,13850.0,0.3094944512946979,0.4914079422382671,IL
332,332,Israel,2.0,1764,457.0,1284.0,24216,8317.0,15251.0,0.3559190031152648,0.545341289095797,IL
333,333,Israel,3.0,1964,536.0,1409.0,25883,9385.0,15802.0,0.3804116394606103,0.5939121630173396,IL
334,334,Israel,4.0,2365,674.0,1642.0,24388,8779.0,14964.0,0.4104750304506699,0.5866746859128575,IL
335,335,Italy,1.0,5267,1719.0,3530.0,84823,34773.0,48622.0,0.4869688385269122,0.71517008761466,IT
336,336,Italy,2.0,5583,2009.0,3538.0,106169,46902.0,57482.0,0.5678349349915206,0.8159423819630494,IT
337,337,Italy,3.0,6554,2460.0,4025.0,124946,58137.0,64570.0,0.6111801242236025,0.9003716896391513,IT
338,338,Italy,4.0,8081,3085.0,4910.0,125095,59255.0,63487.0,0.6283095723014257,0.9333406839195426,IT
339,339,Ivory Coast,1.0,32,10.0,19.0,170,35.0,106.0,0.5263157894736842,0.330188679245283,CI
340,340,Ivory Coast,2.0,56,8.0,45.0,415,78.0,260.0,0.1777777777777777,0.3,CI
341,341,Ivory Coast,3.0,88,23.0,65.0,639,127.0,379.0,0.3538461538461538,0.3350923482849604,CI
342,342,Ivory Coast,4.0,113,17.0,90.0,639,120.0,392.0,0.1888888888888888,0.3061224489795918,CI
343,343,Jamaica,1.0,3,2.0,1.0,22,6.0,15.0,2.0,0.4,JM
344,344,Jamaica,2.0,15,9.0,6.0,61,29.0,30.0,1.5,0.9666666666666668,JM
345,345,Jamaica,3.0,8,5.0,3.0,65,35.0,26.0,1.6666666666666667,1.3461538461538465,JM
346,346,Jamaica,4.0,12,4.0,8.0,57,26.0,28.0,0.5,0.9285714285714286,JM
347,347,Japan,1.0,9027,1289.0,7414.0,248644,38635.0,195830.0,0.1738602643647154,0.1972884644845018,JP
348,348,Japan,2.0,9166,1511.0,7312.0,287650,51532.0,221419.0,0.2066466083150984,0.2327352214579598,JP
349,349,Japan,3.0,9708,1912.0,7450.0,312056,62318.0,235322.0,0.2566442953020134,0.2648201188159203,JP
350,350,Japan,4.0,9564,2011.0,7162.0,277592,56072.0,209113.0,0.2807874895280647,0.2681421049862992,JP
351,351,Jersey,1.0,5,2.0,3.0,32,12.0,20.0,0.6666666666666666,0.6,JE
352,352,Jersey,2.0,8,2.0,6.0,35,9.0,25.0,0.3333333333333333,0.36,JE
353,353,Jersey,3.0,7,1.0,6.0,33,5.0,26.0,0.1666666666666666,0.1923076923076923,JE
354,354,Jersey,4.0,7,2.0,5.0,28,3.0,23.0,0.4,0.1304347826086956,JE
355,355,Jordan,1.0,131,9.0,122.0,964,123.0,806.0,0.0737704918032786,0.1526054590570719,JO
356,356,Jordan,2.0,286,32.0,253.0,1883,277.0,1529.0,0.1264822134387351,0.1811641595814257,JO
357,357,Jordan,3.0,398,67.0,329.0,2981,596.0,2246.0,0.2036474164133738,0.2653606411398041,JO
358,358,Jordan,4.0,453,74.0,375.0,3191,703.0,2339.0,0.1973333333333333,0.3005557930739632,JO
359,359,Kazakhstan,1.0,27,7.0,19.0,242,64.0,138.0,0.3684210526315789,0.463768115942029,KZ
360,360,Kazakhstan,2.0,64,11.0,47.0,407,117.0,218.0,0.2340425531914893,0.536697247706422,KZ
361,361,Kazakhstan,3.0,106,23.0,78.0,1384,516.0,563.0,0.2948717948717949,0.91651865008881,KZ
362,362,Kazakhstan,4.0,371,100.0,257.0,3246,1342.0,1238.0,0.3891050583657587,1.0840064620355412,KZ
363,363,Kenya,1.0,297,59.0,235.0,1810,446.0,1259.0,0.251063829787234,0.3542494042891183,KE
364,364,Kenya,2.0,411,113.0,291.0,2737,812.0,1786.0,0.3883161512027491,0.4546472564389697,KE
365,365,Kenya,3.0,577,170.0,395.0,3763,1237.0,2343.0,0.430379746835443,0.5279556124626548,KE
366,366,Kenya,4.0,765,261.0,494.0,3987,1367.0,2445.0,0.52834008097166,0.5591002044989775,KE
367,367,Kosovo,1.0,4,0.0,4.0,15,2.0,13.0,0.0,0.1538461538461538,unknown
368,368,Kosovo,2.0,7,2.0,4.0,71,15.0,52.0,0.5,0.2884615384615384,unknown
369,369,Kosovo,3.0,25,3.0,22.0,217,55.0,146.0,0.1363636363636363,0.3767123287671233,unknown
370,370,Kosovo,4.0,51,12.0,38.0,307,95.0,192.0,0.3157894736842105,0.4947916666666667,unknown
371,371,Kuwait,1.0,216,37.0,176.0,1215,312.0,853.0,0.2102272727272727,0.365767878077374,KW
372,372,Kuwait,2.0,235,49.0,179.0,1549,412.0,1062.0,0.2737430167597765,0.3879472693032015,KW
373,373,Kuwait,3.0,234,57.0,176.0,1862,520.0,1258.0,0.3238636363636363,0.4133545310015898,KW
374,374,Kuwait,4.0,330,66.0,256.0,1840,519.0,1244.0,0.2578125,0.4172025723472669,KW
375,375,Kyrgyzstan,1.0,10,2.0,8.0,36,9.0,24.0,0.25,0.375,KG
376,376,Kyrgyzstan,2.0,14,4.0,10.0,56,19.0,29.0,0.4,0.6551724137931034,KG
377,377,Kyrgyzstan,3.0,12,4.0,8.0,74,24.0,38.0,0.5,0.631578947368421,KG
378,378,Kyrgyzstan,4.0,16,4.0,12.0,84,28.0,40.0,0.3333333333333333,0.7,KG
379,379,Laos,1.0,2,1.0,0.0,12,3.0,4.0,0.0,0.75,LA
380,380,Laos,2.0,3,2.0,1.0,31,9.0,6.0,2.0,1.5,LA
381,381,Laos,3.0,11,2.0,8.0,55,13.0,15.0,0.25,0.8666666666666667,LA
382,382,Laos,4.0,20,11.0,6.0,61,19.0,20.0,1.8333333333333333,0.95,LA
383,383,Latvia,1.0,70,21.0,49.0,766,336.0,403.0,0.4285714285714285,0.8337468982630273,LV
384,384,Latvia,2.0,97,35.0,62.0,1041,450.0,566.0,0.5645161290322581,0.7950530035335689,LV
385,385,Latvia,3.0,118,48.0,70.0,1478,675.0,769.0,0.6857142857142857,0.8777633289986996,LV
386,386,Latvia,4.0,152,51.0,101.0,1626,764.0,821.0,0.504950495049505,0.9305724725943972,LV
387,387,Lebanon,1.0,168,40.0,126.0,1148,345.0,770.0,0.3174603174603174,0.448051948051948,LB
388,388,Lebanon,2.0,288,77.0,209.0,1873,613.0,1223.0,0.3684210526315789,0.5012264922322158,LB
389,389,Lebanon,3.0,444,146.0,296.0,2757,1032.0,1668.0,0.4932432432432432,0.6187050359712231,LB
390,390,Lebanon,4.0,613,210.0,400.0,3351,1274.0,1998.0,0.525,0.6376376376376376,LB
391,391,Lesotho,1.0,5,0.0,5.0,20,3.0,14.0,0.0,0.2142857142857142,LS
392,392,Lesotho,2.0,10,5.0,3.0,34,8.0,22.0,1.6666666666666667,0.3636363636363636,LS
393,393,Lesotho,3.0,10,3.0,7.0,41,9.0,25.0,0.4285714285714285,0.36,LS
394,394,Lesotho,4.0,7,2.0,5.0,30,6.0,15.0,0.4,0.4,LS
395,395,Liberia,2.0,3,0.0,3.0,4,0.0,3.0,0.0,0.0,LR
396,396,Liberia,4.0,6,2.0,4.0,24,8.0,12.0,0.5,0.6666666666666666,LR
397,397,Libya,1.0,10,2.0,8.0,75,12.0,55.0,0.25,0.2181818181818181,LY
398,398,Libya,2.0,15,2.0,13.0,116,20.0,86.0,0.1538461538461538,0.2325581395348837,LY
399,399,Libya,3.0,72,8.0,62.0,277,49.0,210.0,0.1290322580645161,0.2333333333333333,LY
400,400,Libya,4.0,67,14.0,50.0,308,63.0,226.0,0.28,0.2787610619469026,LY
401,401,Liechtenstein,2.0,7,2.0,5.0,53,14.0,39.0,0.4,0.358974358974359,LI
402,402,Liechtenstein,3.0,23,3.0,20.0,82,21.0,61.0,0.15,0.3442622950819672,LI
403,403,Liechtenstein,4.0,24,0.0,24.0,90,17.0,72.0,0.0,0.2361111111111111,LI
404,404,Lithuania,1.0,71,19.0,51.0,1297,389.0,861.0,0.3725490196078431,0.4518002322880372,LT
405,405,Lithuania,2.0,101,29.0,72.0,2113,699.0,1337.0,0.4027777777777778,0.5228122662677637,LT
406,406,Lithuania,3.0,139,46.0,93.0,2938,1079.0,1746.0,0.4946236559139785,0.6179839633447881,LT
407,407,Lithuania,4.0,128,40.0,88.0,2924,1121.0,1690.0,0.4545454545454545,0.6633136094674557,LT
408,408,Luxembourg,1.0,44,9.0,35.0,222,45.0,173.0,0.2571428571428571,0.2601156069364161,LU
409,409,Luxembourg,2.0,122,32.0,88.0,476,133.0,333.0,0.3636363636363636,0.3993993993993994,LU
410,410,Luxembourg,3.0,296,75.0,216.0,1020,309.0,693.0,0.3472222222222222,0.4458874458874459,LU
411,411,Luxembourg,4.0,442,131.0,310.0,1445,452.0,969.0,0.4225806451612903,0.4664602683178535,LU
412,412,Madagascar,1.0,32,6.0,25.0,155,52.0,86.0,0.24,0.6046511627906976,MG
413,413,Madagascar,2.0,28,10.0,17.0,207,82.0,97.0,0.5882352941176471,0.845360824742268,MG
414,414,Madagascar,3.0,45,17.0,26.0,293,122.0,121.0,0.6538461538461539,1.008264462809917,MG
415,415,Madagascar,4.0,51,22.0,27.0,318,126.0,138.0,0.8148148148148148,0.9130434782608696,MG
416,416,Malawi,1.0,39,8.0,30.0,180,30.0,141.0,0.2666666666666666,0.2127659574468085,MW
417,417,Malawi,2.0,61,17.0,41.0,303,66.0,216.0,0.4146341463414634,0.3055555555555556,MW
418,418,Malawi,3.0,109,28.0,78.0,493,131.0,323.0,0.358974358974359,0.4055727554179567,MW
419,419,Malawi,4.0,116,39.0,74.0,486,147.0,298.0,0.527027027027027,0.4932885906040268,MW
420,420,Malaysia,1.0,377,82.0,266.0,2800,657.0,1695.0,0.3082706766917293,0.3876106194690265,MY
421,421,Malaysia,2.0,755,210.0,502.0,7615,2007.0,4352.0,0.4183266932270916,0.4611672794117647,MY
422,422,Malaysia,3.0,1987,539.0,1327.0,20501,6228.0,11123.0,0.4061793519216277,0.5599208846534208,MY
423,423,Malaysia,4.0,3097,954.0,1984.0,30187,10065.0,15636.0,0.4808467741935484,0.6437068303914044,MY
424,424,Maldives,3.0,1,1.0,0.0,4,4.0,0.0,0.0,0.0,MV
425,425,Maldives,4.0,2,1.0,1.0,3,2.0,1.0,1.0,2.0,MV
426,426,Mali,1.0,28,7.0,18.0,109,16.0,82.0,0.3888888888888889,0.1951219512195122,ML
427,427,Mali,2.0,35,6.0,28.0,223,38.0,165.0,0.2142857142857142,0.2303030303030303,ML
428,428,Mali,3.0,64,17.0,43.0,323,60.0,231.0,0.3953488372093023,0.2597402597402597,ML
429,429,Mali,4.0,89,17.0,68.0,308,53.0,222.0,0.25,0.2387387387387387,ML
430,430,Malta,1.0,17,1.0,16.0,145,36.0,107.0,0.0625,0.3364485981308411,MT
431,431,Malta,2.0,31,4.0,26.0,253,75.0,174.0,0.1538461538461538,0.4310344827586206,MT
432,432,Malta,3.0,63,11.0,52.0,504,166.0,326.0,0.2115384615384615,0.50920245398773,MT
433,433,Malta,4.0,99,35.0,64.0,663,223.0,427.0,0.546875,0.522248243559719,MT
434,434,Martinique,1.0,2,1.0,1.0,9,3.0,6.0,1.0,0.5,MQ
435,435,Martinique,2.0,2,1.0,1.0,5,2.0,3.0,1.0,0.6666666666666666,MQ
436,436,Martinique,3.0,8,1.0,7.0,19,7.0,12.0,0.1428571428571428,0.5833333333333334,MQ
437,437,Martinique,4.0,23,6.0,16.0,42,14.0,27.0,0.375,0.5185185185185185,MQ
438,438,Mauritania,1.0,1,0.0,1.0,4,1.0,3.0,0.0,0.3333333333333333,MR
439,439,Mauritania,2.0,3,0.0,3.0,8,1.0,7.0,0.0,0.1428571428571428,MR
440,440,Mauritania,3.0,1,0.0,1.0,12,1.0,10.0,0.0,0.1,MR
441,441,Mauritania,4.0,2,0.0,2.0,14,1.0,12.0,0.0,0.0833333333333333,MR
442,442,Mauritius,1.0,7,3.0,3.0,79,21.0,41.0,1.0,0.5121951219512195,MU
443,443,Mauritius,2.0,10,4.0,6.0,110,40.0,46.0,0.6666666666666666,0.8695652173913043,MU
444,444,Mauritius,3.0,19,8.0,8.0,141,55.0,50.0,1.0,1.1,MU
445,445,Mauritius,4.0,18,7.0,7.0,136,49.0,49.0,1.0,1.0,MU
446,446,Mexico,1.0,1519,349.0,1159.0,17498,5843.0,11017.0,0.3011216566005177,0.5303621675592266,MX
447,447,Mexico,2.0,1689,467.0,1203.0,26515,9092.0,16353.0,0.3881961762261014,0.5559836115697425,MX
448,448,Mexico,3.0,2041,645.0,1378.0,37172,13158.0,22420.0,0.4680696661828737,0.5868867082961642,MX
449,449,Mexico,4.0,2360,757.0,1585.0,37759,13279.0,22873.0,0.477602523659306,0.5805534910156079,MX
450,450,Micronesia,3.0,2,0.0,2.0,13,1.0,12.0,0.0,0.0833333333333333,FM
451,451,Micronesia,4.0,2,1.0,1.0,8,2.0,6.0,1.0,0.3333333333333333,FM
452,452,Moldova,1.0,30,3.0,26.0,281,67.0,208.0,0.1153846153846153,0.3221153846153846,MD
453,453,Moldova,2.0,40,2.0,38.0,321,79.0,230.0,0.0526315789473684,0.3434782608695652,MD
454,454,Moldova,3.0,41,8.0,33.0,346,105.0,232.0,0.2424242424242424,0.4525862068965517,MD
455,455,Moldova,4.0,53,16.0,36.0,345,117.0,217.0,0.4444444444444444,0.5391705069124424,MD
456,456,Monaco,1.0,16,4.0,12.0,44,16.0,28.0,0.3333333333333333,0.5714285714285714,MC
457,457,Monaco,2.0,33,9.0,24.0,73,23.0,48.0,0.375,0.4791666666666667,MC
458,458,Monaco,3.0,29,7.0,22.0,94,33.0,60.0,0.3181818181818182,0.55,MC
459,459,Monaco,4.0,37,14.0,23.0,109,38.0,70.0,0.6086956521739131,0.5428571428571428,MC
460,460,Mongolia,1.0,23,7.0,11.0,85,15.0,30.0,0.6363636363636364,0.5,MN
461,461,Mongolia,2.0,19,2.0,10.0,150,27.0,47.0,0.2,0.574468085106383,MN
462,462,Mongolia,3.0,38,12.0,11.0,210,43.0,54.0,1.0909090909090908,0.7962962962962963,MN
463,463,Mongolia,4.0,55,12.0,26.0,270,50.0,81.0,0.4615384615384615,0.6172839506172839,MN
464,464,Montenegro,1.0,11,1.0,10.0,79,15.0,54.0,0.1,0.2777777777777778,ME
465,465,Montenegro,2.0,13,2.0,11.0,153,47.0,92.0,0.1818181818181818,0.5108695652173914,ME
466,466,Montenegro,3.0,29,6.0,21.0,314,129.0,163.0,0.2857142857142857,0.7914110429447853,ME
467,467,Montenegro,4.0,51,17.0,32.0,407,177.0,213.0,0.53125,0.8309859154929577,ME
468,468,Montserrat,1.0,3,1.0,2.0,7,1.0,6.0,0.5,0.1666666666666666,MS
469,469,Montserrat,2.0,10,1.0,9.0,12,1.0,11.0,0.1111111111111111,0.0909090909090909,MS
470,470,Montserrat,3.0,5,0.0,5.0,10,1.0,9.0,0.0,0.1111111111111111,MS
471,471,Montserrat,4.0,1,1.0,0.0,6,1.0,5.0,0.0,0.2,MS
472,472,Morocco,1.0,194,42.0,151.0,1404,289.0,1045.0,0.2781456953642384,0.276555023923445,MA
473,473,Morocco,2.0,262,54.0,206.0,1985,456.0,1419.0,0.2621359223300971,0.321353065539112,MA
474,474,Morocco,3.0,384,97.0,286.0,2904,725.0,1983.0,0.3391608391608391,0.3656076651538074,MA
475,475,Morocco,4.0,555,124.0,424.0,3762,930.0,2574.0,0.2924528301886792,0.3613053613053613,MA
476,476,Mozambique,1.0,19,10.0,9.0,143,57.0,77.0,1.1111111111111112,0.7402597402597403,MZ
477,477,Mozambique,2.0,35,17.0,18.0,204,89.0,104.0,0.9444444444444444,0.8557692307692307,MZ
478,478,Mozambique,3.0,67,31.0,35.0,332,150.0,163.0,0.8857142857142857,0.9202453987730062,MZ
479,479,Mozambique,4.0,85,38.0,47.0,394,174.0,197.0,0.8085106382978723,0.883248730964467,MZ
480,480,Myanmar,1.0,4,2.0,2.0,31,10.0,19.0,1.0,0.5263157894736842,MM
481,481,Myanmar,2.0,5,4.0,1.0,64,23.0,38.0,4.0,0.6052631578947368,MM
482,482,Myanmar,3.0,14,4.0,9.0,114,38.0,68.0,0.4444444444444444,0.5588235294117647,MM
483,483,Myanmar,4.0,19,8.0,10.0,170,63.0,96.0,0.8,0.65625,MM
484,484,Namibia,1.0,13,1.0,11.0,68,22.0,44.0,0.0909090909090909,0.5,NA
485,485,Namibia,2.0,14,5.0,9.0,89,32.0,51.0,0.5555555555555556,0.6274509803921569,NA
486,486,Namibia,3.0,35,8.0,27.0,120,39.0,73.0,0.2962962962962963,0.5342465753424658,NA
487,487,Namibia,4.0,62,17.0,42.0,183,51.0,119.0,0.4047619047619047,0.4285714285714285,NA
488,488,Nepal,1.0,102,20.0,77.0,574,156.0,362.0,0.2597402597402597,0.430939226519337,NP
489,489,Nepal,2.0,184,44.0,130.0,1314,379.0,812.0,0.3384615384615385,0.4667487684729064,NP
490,490,Nepal,3.0,283,69.0,201.0,1991,578.0,1227.0,0.3432835820895522,0.4710676446617767,NP
491,491,Nepal,4.0,363,99.0,253.0,2322,718.0,1400.0,0.391304347826087,0.5128571428571429,NP
492,492,Netherlands,1.0,4390,994.0,3339.0,39612,10607.0,27393.0,0.2976939203354298,0.3872157120432227,NL
493,493,Netherlands,2.0,4367,1237.0,3079.0,49332,15532.0,31890.0,0.4017538161740825,0.4870492317340859,NL
494,494,Netherlands,3.0,6232,1961.0,4196.0,61821,22281.0,37211.0,0.467349857006673,0.5987745559108866,NL
495,495,Netherlands,4.0,7323,2619.0,4585.0,63619,24132.0,37083.0,0.5712104689203926,0.6507564112935846,NL
496,496,New Caledonia,1.0,11,2.0,9.0,42,8.0,34.0,0.2222222222222222,0.2352941176470588,NC
497,497,New Caledonia,2.0,24,8.0,16.0,76,19.0,53.0,0.5,0.3584905660377358,NC
498,498,New Caledonia,3.0,32,11.0,21.0,110,34.0,73.0,0.5238095238095238,0.4657534246575342,NC
499,499,New Caledonia,4.0,46,17.0,29.0,143,51.0,92.0,0.5862068965517241,0.5543478260869565,NC
500,500,New Zealand,1.0,1479,394.0,1071.0,10848,3352.0,7171.0,0.3678804855275444,0.4674382931250871,NZ
501,501,New Zealand,2.0,2000,624.0,1352.0,14478,5163.0,8880.0,0.4615384615384615,0.581418918918919,NZ
502,502,New Zealand,3.0,2416,857.0,1535.0,18516,7273.0,10658.0,0.5583061889250814,0.6823981985363108,NZ
503,503,New Zealand,4.0,2423,880.0,1497.0,18380,7279.0,10520.0,0.5878423513694054,0.6919201520912548,NZ
504,504,Nicaragua,1.0,10,4.0,6.0,35,9.0,26.0,0.6666666666666666,0.3461538461538461,NI
505,505,Nicaragua,2.0,8,2.0,6.0,52,19.0,32.0,0.3333333333333333,0.59375,NI
506,506,Nicaragua,3.0,17,5.0,12.0,109,42.0,61.0,0.4166666666666667,0.6885245901639344,NI
507,507,Nicaragua,4.0,14,2.0,12.0,94,34.0,57.0,0.1666666666666666,0.5964912280701754,NI
508,508,Niger,1.0,10,1.0,9.0,56,9.0,42.0,0.1111111111111111,0.2142857142857142,NE
509,509,Niger,2.0,18,4.0,13.0,93,19.0,64.0,0.3076923076923077,0.296875,NE
510,510,Niger,3.0,30,2.0,28.0,140,26.0,95.0,0.0714285714285714,0.2736842105263158,NE
511,511,Niger,4.0,42,6.0,35.0,174,25.0,122.0,0.1714285714285714,0.2049180327868852,NE
512,512,Nigeria,1.0,233,37.0,191.0,2147,471.0,1440.0,0.193717277486911,0.3270833333333333,NG
513,513,Nigeria,2.0,345,80.0,257.0,4236,1013.0,2721.0,0.311284046692607,0.3722895994119808,NG
514,514,Nigeria,3.0,573,143.0,418.0,7329,1799.0,4552.0,0.3421052631578947,0.3952108963093146,NG
515,515,Nigeria,4.0,828,183.0,626.0,8489,2127.0,5305.0,0.292332268370607,0.400942507068803,NG
516,516,North Korea,3.0,4,1.0,2.0,29,3.0,6.0,0.5,0.5,KP
517,517,North Korea,4.0,15,2.0,9.0,149,9.0,56.0,0.2222222222222222,0.1607142857142857,KP
518,518,North Macedonia,1.0,6,1.0,5.0,41,13.0,27.0,0.2,0.4814814814814814,MK
519,519,North Macedonia,2.0,11,2.0,9.0,66,27.0,36.0,0.2222222222222222,0.75,MK
520,520,North Macedonia,3.0,24,6.0,18.0,136,58.0,67.0,0.3333333333333333,0.8656716417910447,MK
521,521,North Macedonia,4.0,24,8.0,15.0,163,71.0,82.0,0.5333333333333333,0.8658536585365854,MK
522,522,Norway,1.0,1023,206.0,809.0,12128,3241.0,8263.0,0.2546353522867738,0.392230424785187,NO
523,523,Norway,2.0,1406,370.0,1014.0,15946,5016.0,10136.0,0.3648915187376725,0.494869771112865,NO
524,524,Norway,3.0,1985,613.0,1337.0,20472,7230.0,12268.0,0.4584891548242333,0.5893381154222367,NO
525,525,Norway,4.0,2503,809.0,1645.0,21577,7905.0,12705.0,0.4917933130699088,0.6221959858323495,NO
526,526,Oman,1.0,141,18.0,121.0,544,94.0,405.0,0.1487603305785124,0.2320987654320987,OM
527,527,Oman,2.0,161,25.0,133.0,791,157.0,572.0,0.18796992481203,0.2744755244755245,OM
528,528,Oman,3.0,256,50.0,197.0,1171,299.0,803.0,0.2538071065989847,0.3723536737235367,OM
529,529,Oman,4.0,339,62.0,270.0,1453,376.0,1001.0,0.2296296296296296,0.3756243756243756,OM
530,530,Pakistan,1.0,249,47.0,198.0,3354,773.0,2360.0,0.2373737373737373,0.3275423728813559,PK
531,531,Pakistan,2.0,522,97.0,415.0,7366,1906.0,5060.0,0.2337349397590361,0.3766798418972332,PK
532,532,Pakistan,3.0,1347,252.0,1074.0,15361,4490.0,10154.0,0.2346368715083799,0.4421902698443963,PK
533,533,Pakistan,4.0,2588,513.0,2042.0,20721,6376.0,13487.0,0.2512242899118511,0.4727515385185734,PK
534,534,Palau,1.0,4,1.0,2.0,11,2.0,8.0,0.5,0.25,PW
535,535,Palau,2.0,3,0.0,3.0,8,1.0,7.0,0.0,0.1428571428571428,PW
536,536,Palestinian Territory,1.0,26,2.0,24.0,170,22.0,145.0,0.0833333333333333,0.1517241379310344,unknown
537,537,Palestinian Territory,2.0,55,8.0,47.0,291,41.0,244.0,0.1702127659574468,0.1680327868852459,unknown
538,538,Palestinian Territory,3.0,89,11.0,78.0,480,91.0,376.0,0.141025641025641,0.2420212765957446,unknown
539,539,Palestinian Territory,4.0,125,17.0,106.0,595,125.0,452.0,0.160377358490566,0.2765486725663716,unknown
540,540,Panama,1.0,68,21.0,47.0,280,99.0,178.0,0.4468085106382978,0.5561797752808989,PA
541,541,Panama,2.0,89,28.0,61.0,372,131.0,237.0,0.4590163934426229,0.5527426160337553,PA
542,542,Panama,3.0,124,45.0,78.0,597,229.0,356.0,0.5769230769230769,0.6432584269662921,PA
543,543,Panama,4.0,121,46.0,73.0,633,250.0,370.0,0.6301369863013698,0.6756756756756757,PA
544,544,Papua New Guinea,1.0,41,3.0,36.0,198,46.0,140.0,0.0833333333333333,0.3285714285714285,PG
545,545,Papua New Guinea,2.0,29,6.0,23.0,156,38.0,110.0,0.2608695652173913,0.3454545454545454,PG
546,546,Papua New Guinea,3.0,37,13.0,22.0,168,53.0,102.0,0.5909090909090909,0.5196078431372549,PG
547,547,Papua New Guinea,4.0,35,13.0,20.0,162,57.0,89.0,0.65,0.6404494382022472,PG
548,548,Paraguay,1.0,18,8.0,10.0,57,20.0,36.0,0.8,0.5555555555555556,PY
549,549,Paraguay,2.0,19,12.0,7.0,79,34.0,45.0,1.7142857142857142,0.7555555555555555,PY
550,550,Paraguay,3.0,32,21.0,11.0,152,74.0,78.0,1.9090909090909087,0.9487179487179488,PY
551,551,Paraguay,4.0,50,28.0,22.0,225,105.0,118.0,1.2727272727272727,0.8898305084745762,PY
552,552,Peru,1.0,55,15.0,40.0,595,152.0,420.0,0.375,0.3619047619047619,PE
553,553,Peru,2.0,149,33.0,116.0,1175,303.0,826.0,0.2844827586206896,0.3668280871670702,PE
554,554,Peru,3.0,298,59.0,237.0,2271,596.0,1563.0,0.2489451476793249,0.3813179782469609,PE
555,555,Peru,4.0,535,122.0,403.0,3276,845.0,2286.0,0.3027295285359802,0.3696412948381452,PE
556,556,Philippines,1.0,206,64.0,139.0,1111,458.0,616.0,0.460431654676259,0.7435064935064936,PH
557,557,Philippines,2.0,265,102.0,155.0,1625,709.0,858.0,0.6580645161290323,0.8263403263403264,PH
558,558,Philippines,3.0,347,107.0,229.0,2428,1060.0,1275.0,0.4672489082969432,0.8313725490196079,PH
559,559,Philippines,4.0,441,185.0,244.0,2861,1289.0,1455.0,0.7581967213114754,0.8859106529209622,PH
560,560,Poland,1.0,1527,388.0,1132.0,27997,10874.0,16602.0,0.342756183745583,0.6549813275508974,PL
561,561,Poland,2.0,1345,412.0,919.0,37221,15539.0,20931.0,0.4483133841131664,0.7423916678610674,PL
562,562,Poland,3.0,1492,527.0,956.0,43978,18889.0,24033.0,0.551255230125523,0.7859609703324595,PL
563,563,Poland,4.0,1732,596.0,1123.0,43047,18578.0,23571.0,0.5307212822796082,0.7881719061558695,PL
564,564,Portugal,1.0,815,256.0,549.0,8142,3479.0,4278.0,0.4663023679417122,0.8132304815334268,PT
565,565,Portugal,2.0,1083,438.0,641.0,13311,6275.0,6580.0,0.6833073322932918,0.9536474164133738,PT
566,566,Portugal,3.0,1980,894.0,1069.0,21602,10873.0,10164.0,0.8362956033676333,1.0697560015741834,PT
567,567,Portugal,4.0,2675,1273.0,1377.0,26208,13443.0,12187.0,0.924473493100944,1.1030606383851644,PT
568,568,Qatar,1.0,49,3.0,45.0,287,56.0,218.0,0.0666666666666666,0.2568807339449541,QA
569,569,Qatar,2.0,106,21.0,84.0,552,124.0,401.0,0.25,0.3092269326683292,QA
570,570,Qatar,3.0,321,54.0,263.0,1135,284.0,807.0,0.2053231939163498,0.3519206939281288,QA
571,571,Qatar,4.0,882,170.0,697.0,2260,552.0,1637.0,0.2439024390243902,0.337202199144777,QA
572,572,Republic of the Congo,1.0,2,0.0,2.0,14,0.0,13.0,0.0,0.0,CG
573,573,Republic of the Congo,2.0,14,2.0,12.0,32,4.0,27.0,0.1666666666666666,0.1481481481481481,CG
574,574,Republic of the Congo,3.0,16,0.0,16.0,49,5.0,38.0,0.0,0.131578947368421,CG
575,575,Republic of the Congo,4.0,28,9.0,18.0,68,17.0,43.0,0.5,0.3953488372093023,CG
576,576,Reunion,1.0,20,6.0,14.0,140,32.0,106.0,0.4285714285714285,0.3018867924528302,unknown
577,577,Reunion,2.0,28,8.0,19.0,205,48.0,149.0,0.4210526315789473,0.3221476510067114,unknown
578,578,Reunion,3.0,68,14.0,53.0,291,71.0,209.0,0.2641509433962264,0.3397129186602871,unknown
579,579,Reunion,4.0,84,29.0,55.0,319,95.0,218.0,0.5272727272727272,0.4357798165137614,unknown
580,580,Romania,1.0,304,103.0,200.0,4794,2021.0,2567.0,0.515,0.7873003506038176,RO
581,581,Romania,2.0,412,149.0,262.0,8359,3813.0,4058.0,0.5687022900763359,0.9396254312469196,RO
582,582,Romania,3.0,589,238.0,351.0,12870,5840.0,6093.0,0.6780626780626781,0.9584769407516822,RO
583,583,Romania,4.0,508,193.0,310.0,13664,6224.0,6379.0,0.6225806451612903,0.9757015206145164,RO
584,584,Russia,1.0,2621,437.0,2169.0,32706,8408.0,23144.0,0.2014753342554172,0.3632907016937435,RU
585,585,Russia,2.0,2308,417.0,1874.0,35953,9986.0,24576.0,0.2225186766275347,0.4063313802083333,RU
586,586,Russia,3.0,2372,498.0,1858.0,45751,13678.0,30069.0,0.2680301399354144,0.4548870930193887,RU
587,587,Russia,4.0,3345,785.0,2537.0,61985,20543.0,38612.0,0.3094205754828538,0.5320366725370351,RU
588,588,Rwanda,1.0,5,1.0,4.0,24,2.0,19.0,0.25,0.1052631578947368,RW
589,589,Rwanda,2.0,12,3.0,8.0,56,17.0,34.0,0.375,0.5,RW
590,590,Rwanda,3.0,48,10.0,38.0,164,45.0,110.0,0.2631578947368421,0.4090909090909091,RW
591,591,Rwanda,4.0,87,25.0,62.0,259,68.0,181.0,0.4032258064516129,0.3756906077348066,RW
592,592,Saint Kitts and Nevis,2.0,1,0.0,1.0,4,2.0,2.0,0.0,1.0,KN
593,593,Saint Kitts and Nevis,3.0,7,5.0,2.0,24,10.0,14.0,2.5,0.7142857142857143,KN
594,594,Saint Kitts and Nevis,4.0,10,2.0,8.0,25,8.0,16.0,0.25,0.5,KN
595,595,Saint Lucia,2.0,1,0.0,0.0,1,0.0,0.0,0.0,0.0,LC
596,596,Saint Lucia,4.0,2,0.0,1.0,6,2.0,3.0,0.0,0.6666666666666666,LC
597,597,Saint Vincent and the Grenadines,3.0,1,1.0,0.0,6,2.0,4.0,0.0,0.5,VC
598,598,Saint Vincent and the Grenadines,4.0,1,0.0,1.0,8,3.0,5.0,0.0,0.6,VC
599,599,Samoa,1.0,2,0.0,1.0,8,1.0,4.0,0.0,0.25,WS
600,600,Samoa,2.0,1,0.0,1.0,9,2.0,5.0,0.0,0.4,WS
601,601,Samoa,3.0,3,0.0,3.0,6,1.0,5.0,0.0,0.2,WS
602,602,Samoa,4.0,3,2.0,1.0,15,9.0,4.0,2.0,2.25,WS
603,603,San Marino,1.0,1,0.0,1.0,1,0.0,1.0,0.0,0.0,SM
604,604,San Marino,2.0,2,1.0,1.0,8,5.0,3.0,1.0,1.6666666666666667,SM
605,605,San Marino,3.0,4,1.0,3.0,11,6.0,5.0,0.3333333333333333,1.2,SM
606,606,San Marino,4.0,3,2.0,1.0,12,6.0,6.0,2.0,1.0,SM
607,607,Sao Tome and Principe,2.0,1,1.0,0.0,6,2.0,4.0,0.0,0.5,ST
608,608,Saudi Arabia,1.0,357,39.0,313.0,2869,396.0,2361.0,0.1246006389776357,0.1677255400254129,SA
609,609,Saudi Arabia,2.0,609,87.0,513.0,3903,657.0,3103.0,0.1695906432748538,0.2117305833064776,SA
610,610,Saudi Arabia,3.0,2541,384.0,2103.0,9576,1844.0,7333.0,0.1825962910128388,0.2514659757261693,SA
611,611,Saudi Arabia,4.0,4013,736.0,3171.0,15472,3263.0,11565.0,0.2321034374014506,0.282144401210549,SA
612,612,Senegal,1.0,95,16.0,75.0,645,132.0,454.0,0.2133333333333333,0.2907488986784141,SN
613,613,Senegal,2.0,160,30.0,128.0,820,184.0,564.0,0.234375,0.3262411347517731,SN
614,614,Senegal,3.0,144,34.0,109.0,974,246.0,641.0,0.3119266055045872,0.3837753510140406,SN
615,615,Senegal,4.0,128,41.0,87.0,1019,290.0,640.0,0.4712643678160919,0.453125,SN
616,616,Serbia,1.0,530,212.0,314.0,4147,1920.0,2148.0,0.6751592356687898,0.8938547486033519,RS
617,617,Serbia,2.0,718,313.0,402.0,5906,2874.0,2901.0,0.7786069651741293,0.9906928645294726,RS
618,618,Serbia,3.0,1135,518.0,613.0,8651,4356.0,4080.0,0.8450244698205547,1.0676470588235294,RS
619,619,Serbia,4.0,1114,526.0,584.0,9054,4642.0,4224.0,0.9006849315068494,1.0989583333333333,RS
620,620,Seychelles,2.0,1,0.0,1.0,7,0.0,7.0,0.0,0.0,SC
621,621,Seychelles,3.0,1,1.0,0.0,9,1.0,8.0,0.0,0.125,SC
622,622,Seychelles,4.0,6,2.0,4.0,11,3.0,8.0,0.5,0.375,SC
623,623,Sierra Leone,1.0,2,0.0,2.0,17,5.0,12.0,0.0,0.4166666666666667,SL
624,624,Sierra Leone,2.0,2,0.0,2.0,12,1.0,11.0,0.0,0.0909090909090909,SL
625,625,Sierra Leone,3.0,8,2.0,6.0,15,4.0,11.0,0.3333333333333333,0.3636363636363636,SL
626,626,Sierra Leone,4.0,11,2.0,8.0,30,7.0,21.0,0.25,0.3333333333333333,SL
627,627,Singapore,1.0,1498,258.0,1139.0,9516,2180.0,5872.0,0.2265144863915715,0.3712534059945504,SG
628,628,Singapore,2.0,2121,485.0,1506.0,15526,4023.0,9441.0,0.3220451527224435,0.4261201143946616,SG
629,629,Singapore,3.0,3754,973.0,2559.0,24725,7165.0,14778.0,0.3802266510355607,0.484842333197997,SG
630,630,Singapore,4.0,4730,1261.0,3205.0,29405,8812.0,17592.0,0.3934477379095163,0.5009095043201455,SG
631,631,Sint Maarten,3.0,1,0.0,1.0,2,0.0,2.0,0.0,0.0,unknown
632,632,Slovakia,1.0,325,70.0,253.0,4290,1466.0,2650.0,0.2766798418972332,0.5532075471698114,SK
633,633,Slovakia,2.0,322,85.0,237.0,5516,2024.0,3281.0,0.3586497890295358,0.6168850960073149,SK
634,634,Slovakia,3.0,388,125.0,261.0,6964,2645.0,4050.0,0.4789272030651341,0.6530864197530865,SK
635,635,Slovakia,4.0,433,144.0,286.0,7075,2732.0,4097.0,0.5034965034965035,0.6668293873566024,SK
636,636,Slovenia,1.0,125,39.0,86.0,2228,795.0,1384.0,0.4534883720930232,0.5744219653179191,SI
637,637,Slovenia,2.0,165,49.0,116.0,3309,1307.0,1936.0,0.4224137931034483,0.675103305785124,SI
638,638,Slovenia,3.0,223,84.0,137.0,4375,1912.0,2360.0,0.6131386861313869,0.8101694915254237,SI
639,639,Slovenia,4.0,272,99.0,168.0,4327,1948.0,2283.0,0.5892857142857143,0.853263250109505,SI
640,640,Solomon Islands,4.0,1,0.0,1.0,2,1.0,1.0,0.0,1.0,SB
641,641,Somalia,3.0,2,1.0,1.0,7,2.0,5.0,1.0,0.4,SO
642,642,Somalia,4.0,5,0.0,5.0,28,8.0,20.0,0.0,0.4,SO
643,643,South Africa,1.0,860,202.0,645.0,9537,3003.0,5962.0,0.3131782945736434,0.503690036900369,ZA
644,644,South Africa,2.0,1127,325.0,778.0,13057,4632.0,7434.0,0.4177377892030848,0.6230831315577078,ZA
645,645,South Africa,3.0,1707,520.0,1145.0,17935,6720.0,9599.0,0.4541484716157205,0.7000729242629441,ZA
646,646,South Africa,4.0,2244,712.0,1463.0,19475,7326.0,10301.0,0.4866712235133287,0.7111930880497039,ZA
647,647,South Korea,1.0,2948,522.0,2152.0,52790,9796.0,29465.0,0.2425650557620818,0.3324622433395554,KR
648,648,South Korea,2.0,4464,936.0,3168.0,92380,19914.0,50746.0,0.2954545454545454,0.3924250187206873,KR
649,649,South Korea,3.0,6445,1362.0,4548.0,149016,35924.0,80762.0,0.2994722955145119,0.4448131547014685,KR
650,650,South Korea,4.0,7404,1762.0,5137.0,170198,42753.0,92234.0,0.343001751995328,0.4635275494936791,KR
651,651,South Sudan,1.0,2,0.0,2.0,6,0.0,5.0,0.0,0.0,SS
652,652,South Sudan,3.0,12,2.0,10.0,30,9.0,20.0,0.2,0.45,SS
653,653,South Sudan,4.0,5,1.0,4.0,17,3.0,14.0,0.25,0.2142857142857142,SS
654,654,Spain,1.0,3896,1231.0,2646.0,70919,25339.0,42192.0,0.4652305366591081,0.6005640879787637,ES
655,655,Spain,2.0,4804,1676.0,3103.0,99714,38732.0,56433.0,0.5401224621334193,0.6863360090727056,ES
656,656,Spain,3.0,7374,2786.0,4542.0,131624,54383.0,71447.0,0.6133861734918538,0.7611656192702283,ES
657,657,Spain,4.0,7873,3192.0,4629.0,135610,57255.0,72929.0,0.6895657809462087,0.7850786381274939,ES
658,658,Sri Lanka,1.0,84,29.0,48.0,609,201.0,291.0,0.6041666666666666,0.6907216494845361,LK
659,659,Sri Lanka,2.0,149,52.0,84.0,916,344.0,397.0,0.6190476190476191,0.8664987405541562,LK
660,660,Sri Lanka,3.0,187,65.0,108.0,1335,520.0,511.0,0.6018518518518519,1.0176125244618397,LK
661,661,Sri Lanka,4.0,295,112.0,151.0,1631,625.0,602.0,0.7417218543046358,1.0382059800664452,LK
662,662,Sudan,1.0,49,7.0,41.0,280,50.0,206.0,0.1707317073170731,0.2427184466019417,SD
663,663,Sudan,2.0,57,11.0,42.0,452,93.0,321.0,0.2619047619047619,0.2897196261682243,SD
664,664,Sudan,3.0,100,15.0,81.0,834,198.0,565.0,0.1851851851851851,0.3504424778761062,SD
665,665,Sudan,4.0,141,30.0,106.0,869,214.0,586.0,0.2830188679245283,0.3651877133105802,SD
666,666,Suriname,3.0,1,0.0,1.0,9,2.0,7.0,0.0,0.2857142857142857,SR
667,667,Suriname,4.0,6,0.0,6.0,22,2.0,19.0,0.0,0.1052631578947368,SR
668,668,Svalbard and Jan Mayen,1.0,15,1.0,14.0,24,5.0,19.0,0.0714285714285714,0.2631578947368421,SJ
669,669,Svalbard and Jan Mayen,2.0,19,8.0,10.0,35,14.0,20.0,0.8,0.7,SJ
670,670,Svalbard and Jan Mayen,3.0,24,13.0,11.0,54,25.0,27.0,1.181818181818182,0.925925925925926,SJ
671,671,Svalbard and Jan Mayen,4.0,23,13.0,9.0,66,34.0,31.0,1.4444444444444444,1.096774193548387,SJ
672,672,Sweden,1.0,3384,878.0,2442.0,32972,10744.0,20797.0,0.3595413595413595,0.5166129730249556,SE
673,673,Sweden,2.0,3397,1018.0,2336.0,38028,13896.0,22641.0,0.4357876712328767,0.6137538094607129,SE
674,674,Sweden,3.0,4718,1609.0,3035.0,43515,16941.0,24922.0,0.5301482701812191,0.6797608538640558,SE
675,675,Sweden,4.0,6100,2161.0,3832.0,43656,17014.0,25074.0,0.5639352818371608,0.6785514875967137,SE
676,676,Switzerland,1.0,4965,1136.0,3785.0,27245,6779.0,19872.0,0.3001321003963011,0.3411332528180354,CH
677,677,Switzerland,2.0,6153,1614.0,4475.0,35124,10119.0,24254.0,0.3606703910614525,0.417209532448256,CH
678,678,Switzerland,3.0,9345,2675.0,6558.0,46112,14977.0,30117.0,0.4078987496187862,0.4972938871733572,CH
679,679,Switzerland,4.0,10512,3454.0,6896.0,48998,16739.0,31106.0,0.5008700696055685,0.5381276924066096,CH
680,680,Syria,1.0,34,6.0,28.0,232,28.0,193.0,0.2142857142857142,0.1450777202072538,SY
681,681,Syria,2.0,67,5.0,61.0,380,49.0,308.0,0.081967213114754,0.1590909090909091,SY
682,682,Syria,3.0,142,32.0,109.0,754,140.0,568.0,0.2935779816513761,0.2464788732394366,SY
683,683,Syria,4.0,128,25.0,103.0,832,174.0,617.0,0.2427184466019417,0.2820097244732577,SY
684,684,Taiwan,1.0,1615,270.0,759.0,34352,3722.0,7923.0,0.3557312252964427,0.4697715511801085,TW
685,685,Taiwan,2.0,2361,437.0,1109.0,56610,7149.0,13468.0,0.39404869251578,0.5308137808137808,TW
686,686,Taiwan,3.0,2998,636.0,1472.0,84091,11920.0,20294.0,0.4320652173913043,0.5873657238592688,TW
687,687,Taiwan,4.0,3053,714.0,1516.0,84001,12649.0,20924.0,0.470976253298153,0.6045211240680558,TW
688,688,Tajikistan,1.0,2,0.0,2.0,40,3.0,27.0,0.0,0.1111111111111111,TJ
689,689,Tajikistan,2.0,8,0.0,8.0,41,4.0,29.0,0.0,0.1379310344827586,TJ
690,690,Tajikistan,3.0,2,0.0,2.0,57,7.0,33.0,0.0,0.2121212121212121,TJ
691,691,Tajikistan,4.0,9,1.0,8.0,75,9.0,41.0,0.125,0.2195121951219512,TJ
692,692,Tanzania,1.0,95,20.0,72.0,519,115.0,346.0,0.2777777777777778,0.3323699421965317,TZ
693,693,Tanzania,2.0,132,46.0,79.0,817,229.0,511.0,0.5822784810126582,0.4481409001956947,TZ
694,694,Tanzania,3.0,183,66.0,112.0,1133,369.0,654.0,0.5892857142857143,0.5642201834862385,TZ
695,695,Tanzania,4.0,206,55.0,146.0,1169,356.0,696.0,0.3767123287671233,0.5114942528735632,TZ
696,696,Thailand,1.0,583,187.0,317.0,5112,1489.0,1722.0,0.5899053627760252,0.8646922183507549,TH
697,697,Thailand,2.0,1127,420.0,543.0,8970,2772.0,2829.0,0.7734806629834254,0.9798515376458112,TH
698,698,Thailand,3.0,1434,584.0,673.0,12265,3832.0,3736.0,0.8677563150074294,1.025695931477516,TH
699,699,Thailand,4.0,1421,522.0,718.0,12226,3842.0,3845.0,0.7270194986072424,0.9992197659297788,TH
700,700,Timor Leste,4.0,2,1.0,1.0,6,1.0,5.0,1.0,0.2,unknown
701,701,Togo,1.0,10,3.0,6.0,116,24.0,48.0,0.5,0.5,TG
702,702,Togo,2.0,11,2.0,6.0,148,28.0,67.0,0.3333333333333333,0.417910447761194,TG
703,703,Togo,3.0,28,5.0,19.0,223,36.0,101.0,0.2631578947368421,0.3564356435643564,TG
704,704,Togo,4.0,32,5.0,24.0,241,38.0,109.0,0.2083333333333333,0.3486238532110092,TG
705,705,Trinidad and Tobago,2.0,4,0.0,4.0,18,6.0,11.0,0.0,0.5454545454545454,TT
706,706,Trinidad and Tobago,3.0,19,4.0,15.0,56,15.0,37.0,0.2666666666666666,0.4054054054054054,TT
707,707,Trinidad and Tobago,4.0,11,1.0,9.0,56,16.0,35.0,0.1111111111111111,0.4571428571428571,TT
708,708,Tunisia,1.0,245,57.0,184.0,2199,730.0,1302.0,0.3097826086956521,0.5606758832565284,TN
709,709,Tunisia,2.0,339,102.0,234.0,3647,1274.0,2072.0,0.4358974358974359,0.6148648648648649,TN
710,710,Tunisia,3.0,624,229.0,389.0,5491,2210.0,2890.0,0.5886889460154242,0.7647058823529411,TN
711,711,Tunisia,4.0,759,316.0,435.0,6381,2791.0,3173.0,0.7264367816091954,0.8796092026473369,TN
712,712,Turkey,1.0,979,221.0,739.0,26941,7844.0,16830.0,0.2990527740189445,0.4660724896019013,TR
713,713,Turkey,2.0,1244,329.0,900.0,44032,14310.0,26247.0,0.3655555555555556,0.5452051663047205,TR
714,714,Turkey,3.0,1724,526.0,1176.0,60965,21372.0,35106.0,0.4472789115646258,0.6087848231071612,TR
715,715,Turkey,4.0,2042,607.0,1396.0,63591,22895.0,36355.0,0.4348137535816619,0.6297620684912667,TR
716,716,Turkmenistan,1.0,3,1.0,2.0,13,3.0,9.0,0.5,0.3333333333333333,TM
717,717,Turkmenistan,2.0,2,0.0,2.0,13,2.0,11.0,0.0,0.1818181818181818,TM
718,718,Turkmenistan,3.0,4,1.0,3.0,13,3.0,9.0,0.3333333333333333,0.3333333333333333,TM
719,719,Turkmenistan,4.0,4,3.0,1.0,10,5.0,4.0,3.0,1.25,TM
720,720,Tuvalu,4.0,1,0.0,1.0,1,0.0,1.0,0.0,0.0,TV
721,721,Uganda,1.0,72,20.0,51.0,451,134.0,299.0,0.392156862745098,0.4481605351170568,UG
722,722,Uganda,2.0,126,36.0,89.0,816,247.0,532.0,0.4044943820224719,0.4642857142857143,UG
723,723,Uganda,3.0,241,86.0,152.0,1298,430.0,798.0,0.5657894736842105,0.5388471177944862,UG
724,724,Uganda,4.0,273,83.0,186.0,1484,485.0,923.0,0.4462365591397849,0.5254604550379198,UG
725,725,Ukraine,1.0,626,84.0,541.0,6725,1583.0,4957.0,0.155268022181146,0.3193463788581803,UA
726,726,Ukraine,2.0,534,93.0,440.0,7344,1983.0,5143.0,0.2113636363636363,0.3855726229826949,UA
727,727,Ukraine,3.0,493,102.0,389.0,9150,2748.0,6066.0,0.2622107969151671,0.4530168150346192,UA
728,728,Ukraine,4.0,508,132.0,374.0,12419,4296.0,7651.0,0.3529411764705882,0.5614952293817802,UA
729,729,United Arab Emirates,1.0,248,26.0,218.0,790,106.0,644.0,0.1192660550458715,0.1645962732919254,AE
730,730,United Arab Emirates,2.0,390,46.0,335.0,1351,229.0,1053.0,0.1373134328358209,0.2174738841405508,AE
731,731,United Arab Emirates,3.0,714,140.0,565.0,2438,563.0,1778.0,0.247787610619469,0.3166479190101237,AE
732,732,United Arab Emirates,4.0,1229,269.0,937.0,3818,961.0,2717.0,0.2870864461045891,0.3536989326463011,AE
733,733,United Kingdom,1.0,17174,4464.0,12475.0,164073,51077.0,108202.0,0.3578356713426853,0.4720522726012458,GB
734,734,United Kingdom,2.0,20134,5999.0,13809.0,204772,70629.0,128341.0,0.4344268230863929,0.5503229677188116,GB
735,735,United Kingdom,3.0,24882,8295.0,16179.0,245621,91033.0,147649.0,0.5127016502874097,0.6165500612940149,GB
736,736,United Kingdom,4.0,29584,10456.0,18615.0,247398,93969.0,146536.0,0.5616975557346227,0.6412690396899056,GB
737,737,United States,1.0,45991,10830.0,33808.0,714862,218834.0,461333.0,0.3203383814481779,0.4743514988088864,US
738,738,United States,2.0,50552,13585.0,35308.0,882219,300264.0,541426.0,0.3847569955817378,0.5545799425960335,US
739,739,United States,3.0,59528,17659.0,39872.0,1064214,390815.0,626272.0,0.4428922552166934,0.6240339660722498,US
740,740,United States,4.0,66026,20600.0,43242.0,1060612,397114.0,616700.0,0.476388696175015,0.6439338414139776,US
741,741,Uruguay,1.0,90,38.0,52.0,560,266.0,287.0,0.7307692307692307,0.926829268292683,UY
742,742,Uruguay,2.0,91,40.0,51.0,748,384.0,353.0,0.7843137254901961,1.0878186968838528,UY
743,743,Uruguay,3.0,136,67.0,69.0,1010,529.0,464.0,0.9710144927536232,1.1400862068965518,UY
744,744,Uruguay,4.0,127,64.0,63.0,1025,536.0,473.0,1.0158730158730158,1.1331923890063424,UY
745,745,Uzbekistan,1.0,76,4.0,69.0,507,73.0,347.0,0.0579710144927536,0.2103746397694524,UZ
746,746,Uzbekistan,2.0,74,8.0,62.0,576,92.0,378.0,0.1290322580645161,0.2433862433862433,UZ
747,747,Uzbekistan,3.0,64,10.0,51.0,606,104.0,367.0,0.196078431372549,0.2833787465940054,UZ
748,748,Uzbekistan,4.0,59,8.0,48.0,733,119.0,385.0,0.1666666666666666,0.3090909090909091,UZ
749,749,Vatican,4.0,1,0.0,1.0,2,0.0,2.0,0.0,0.0,unknown
750,750,Venezuela,1.0,261,96.0,164.0,3155,1215.0,1833.0,0.5853658536585366,0.662847790507365,VE
751,751,Venezuela,2.0,271,90.0,177.0,4418,1871.0,2343.0,0.5084745762711864,0.7985488689714042,VE
752,752,Venezuela,3.0,282,100.0,174.0,4866,2114.0,2485.0,0.5747126436781609,0.8507042253521127,VE
753,753,Venezuela,4.0,228,88.0,136.0,3324,1410.0,1734.0,0.6470588235294118,0.8131487889273357,VE
754,754,Vietnam,1.0,53,3.0,48.0,461,44.0,402.0,0.0625,0.1094527363184079,VN
755,755,Vietnam,2.0,122,21.0,100.0,1013,157.0,816.0,0.21,0.1924019607843137,VN
756,756,Vietnam,3.0,333,61.0,264.0,2896,590.0,2164.0,0.231060606060606,0.2726432532347504,VN
757,757,Vietnam,4.0,925,200.0,665.0,5882,1382.0,4101.0,0.3007518796992481,0.3369909778102902,VN
758,758,Yemen,1.0,4,0.0,4.0,19,3.0,15.0,0.0,0.2,YE
759,759,Yemen,2.0,17,0.0,17.0,47,4.0,41.0,0.0,0.0975609756097561,YE
760,760,Yemen,3.0,42,10.0,32.0,143,23.0,114.0,0.3125,0.2017543859649122,YE
761,761,Yemen,4.0,55,10.0,43.0,198,35.0,152.0,0.2325581395348837,0.2302631578947368,YE
762,762,Zambia,1.0,30,7.0,23.0,142,30.0,105.0,0.3043478260869565,0.2857142857142857,ZM
763,763,Zambia,2.0,45,14.0,30.0,196,55.0,124.0,0.4666666666666667,0.4435483870967742,ZM
764,764,Zambia,3.0,74,24.0,42.0,323,100.0,185.0,0.5714285714285714,0.5405405405405406,ZM
765,765,Zambia,4.0,162,46.0,111.0,482,147.0,288.0,0.4144144144144144,0.5104166666666666,ZM
766,766,Zimbabwe,1.0,91,25.0,66.0,512,143.0,338.0,0.3787878787878788,0.4230769230769231,ZW
767,767,Zimbabwe,2.0,74,20.0,53.0,466,136.0,295.0,0.3773584905660377,0.4610169491525424,ZW
768,768,Zimbabwe,3.0,69,19.0,45.0,423,139.0,234.0,0.4222222222222222,0.594017094017094,ZW
769,769,Zimbabwe,4.0,96,29.0,64.0,428,130.0,248.0,0.453125,0.5241935483870968,ZW
